Date,Keyword,Language,Country,Position,URL,Impressions,Clicks,CTR,Change,Notes
"2025-11-12","tech consulting","en","TW","","","","","","","Initial tracking"
"2025-11-12","tech consulting","en","VN","","","","","","","Initial tracking"
"2025-11-12","tech consulting","en","CN","","","","","","","Initial tracking"
"2025-11-12","tech consulting","en","US","","","","","","","Initial tracking"
"2025-11-12","AI development","en","TW","","","","","","","Initial tracking"
"2025-11-12","AI development","en","VN","","","","","","","Initial tracking"
"2025-11-12","AI development","en","CN","","","","","","","Initial tracking"
"2025-11-12","AI development","en","US","","","","","","","Initial tracking"
"2025-11-12","business automation","en","TW","","","","","","","Initial tracking"
"2025-11-12","business automation","en","VN","","","","","","","Initial tracking"
"2025-11-12","business automation","en","CN","","","","","","","Initial tracking"
"2025-11-12","business automation","en","US","","","","","","","Initial tracking"
"2025-11-12","web development","en","TW","","","","","","","Initial tracking"
"2025-11-12","web development","en","VN","","","","","","","Initial tracking"
"2025-11-12","web development","en","CN","","","","","","","Initial tracking"
"2025-11-12","web development","en","US","","","","","","","Initial tracking"
"2025-11-12","startup consulting","en","TW","","","","","","","Initial tracking"
"2025-11-12","startup consulting","en","VN","","","","","","","Initial tracking"
"2025-11-12","startup consulting","en","CN","","","","","","","Initial tracking"
"2025-11-12","startup consulting","en","US","","","","","","","Initial tracking"
"2025-11-12","SME solutions","en","TW","","","","","","","Initial tracking"
"2025-11-12","SME solutions","en","VN","","","","","","","Initial tracking"
"2025-11-12","SME solutions","en","CN","","","","","","","Initial tracking"
"2025-11-12","SME solutions","en","US","","","","","","","Initial tracking"
"2025-11-12","digital transformation","en","TW","","","","","","","Initial tracking"
"2025-11-12","digital transformation","en","VN","","","","","","","Initial tracking"
"2025-11-12","digital transformation","en","CN","","","","","","","Initial tracking"
"2025-11-12","digital transformation","en","US","","","","","","","Initial tracking"
"2025-11-12","tech consulting Taiwan","en","TW","","","","","","","Initial tracking"
"2025-11-12","tech consulting Taiwan","en","VN","","","","","","","Initial tracking"
"2025-11-12","tech consulting Taiwan","en","CN","","","","","","","Initial tracking"
"2025-11-12","tech consulting Taiwan","en","US","","","","","","","Initial tracking"
"2025-11-12","tech consulting Vietnam","en","TW","","","","","","","Initial tracking"
"2025-11-12","tech consulting Vietnam","en","VN","","","","","","","Initial tracking"
"2025-11-12","tech consulting Vietnam","en","CN","","","","","","","Initial tracking"
"2025-11-12","tech consulting Vietnam","en","US","","","","","","","Initial tracking"
"2025-11-12","tech consulting China","en","TW","","","","","","","Initial tracking"
"2025-11-12","tech consulting China","en","VN","","","","","","","Initial tracking"
"2025-11-12","tech consulting China","en","CN","","","","","","","Initial tracking"
"2025-11-12","tech consulting China","en","US","","","","","","","Initial tracking"
"2025-11-12","tư vấn công nghệ","vi","VN","","","","","","","Initial tracking"
"2025-11-12","tư vấn công nghệ","vi","US","","","","","","","Initial tracking"
"2025-11-12","phát triển AI","vi","VN","","","","","","","Initial tracking"
"2025-11-12","phát triển AI","vi","US","","","","","","","Initial tracking"
"2025-11-12","tự động hóa doanh nghiệp","vi","VN","","","","","","","Initial tracking"
"2025-11-12","tự động hóa doanh nghiệp","vi","US","","","","","","","Initial tracking"
"2025-11-12","phát triển web","vi","VN","","","","","","","Initial tracking"
"2025-11-12","phát triển web","vi","US","","","","","","","Initial tracking"
"2025-11-12","chuyển đổi số","vi","VN","","","","","","","Initial tracking"
"2025-11-12","chuyển đổi số","vi","US","","","","","","","Initial tracking"
"2025-11-12","tư vấn công nghệ Việt Nam","vi","VN","","","","","","","Initial tracking"
"2025-11-12","tư vấn công nghệ Việt Nam","vi","US","","","","","","","Initial tracking"
"2025-11-12","技術諮詢","zh","TW","","","","","","","Initial tracking"
"2025-11-12","技術諮詢","zh","CN","","","","","","","Initial tracking"
"2025-11-12","技術諮詢","zh","US","","","","","","","Initial tracking"
"2025-11-12","AI開發","zh","TW","","","","","","","Initial tracking"
"2025-11-12","AI開發","zh","CN","","","","","","","Initial tracking"
"2025-11-12","AI開發","zh","US","","","","","","","Initial tracking"
"2025-11-12","業務自動化","zh","TW","","","","","","","Initial tracking"
"2025-11-12","業務自動化","zh","CN","","","","","","","Initial tracking"
"2025-11-12","業務自動化","zh","US","","","","","","","Initial tracking"
"2025-11-12","網頁開發","zh","TW","","","","","","","Initial tracking"
"2025-11-12","網頁開發","zh","CN","","","","","","","Initial tracking"
"2025-11-12","網頁開發","zh","US","","","","","","","Initial tracking"
"2025-11-12","數位轉型","zh","TW","","","","","","","Initial tracking"
"2025-11-12","數位轉型","zh","CN","","","","","","","Initial tracking"
"2025-11-12","數位轉型","zh","US","","","","","","","Initial tracking"
"2025-11-12","台灣技術諮詢","zh","TW","","","","","","","Initial tracking"
"2025-11-12","台灣技術諮詢","zh","CN","","","","","","","Initial tracking"
"2025-11-12","台灣技術諮詢","zh","US","","","","","","","Initial tracking"